{
  "tests": [
    {
      "name": "Style",
      "setup": "sudo -H pip3 install -qr requirements.txt; sudo -H pip3 install darglint==1.8.0",
      "run": "flake8 --ignore \"N801, E203, E266, E501, W503, F812, E741, N803, N802, N806\" minitorch/ tests/ project/",
      "input": "",
      "output": "",
      "comparison": "included",
      "timeout": 10,
      "points": 10
    },
    {
      "name": "Task 4.1",
      "setup": "sudo -H pip3 install -qr requirements.txt",
      "run": "pytest -m task4_1",
      "input": "",
      "output": "",
      "comparison": "included",
      "timeout": 10,
      "points": 10
    },
    {
      "name": "Task 4.2",
      "setup": "sudo -H pip3 install -qr requirements.txt",
      "run": "pytest -m task4_2",
      "input": "",
      "output": "",
      "comparison": "included",
      "timeout": 10,
      "points": 10
    },
    {
      "name": "Task 4.3",
      "setup": "sudo -H pip3 install -qr requirements.txt",
      "run": "pytest -m task4_3",
      "input": "",
      "output": "",
      "comparison": "included",
      "timeout": 10,
      "points": 10
    },
    {
      "name": "Task 4.4",
      "setup": "sudo -H pip3 install -qr requirements.txt",
      "run": "pytest -m task4_4 ",
      "input": "",
      "output": "",
      "comparison": "included",
      "timeout": 10,
      "points": 10
    }
  ]
}